City,Year,AverageTemperature,NO2 Mean,SO2 Mean,CO Mean,Latitude,Longitude,Avg_CO2_natural_pross
New York,2011,11.7585,13.4067951329562,0.404033633663366,0.20552209476662,34.56,-107.03,193891.253360382
New York,2012,12.5969166666667,13.742087632312,0.646937076601671,0.184376419220056,34.56,-107.03,190565.325603609
New York,2013,13.6307777777778,11.7707440027894,0.789340518828452,0.214931436541144,34.56,-107.03,190013.457939345
"343 Obrecht Road, Sykesville",2000,12.27775,21.4510820747664,5.22178614719626,0.507266247663551,39.38,-76.99,202954.840625164
"343 Obrecht Road, Sykesville",2006,13.5885833333333,18.1291026168831,1.99741670454545,0.311250107142857,39.38,-76.99,206890.551627886
"343 Obrecht Road, Sykesville",2007,13.1334166666667,16.8718997333333,2.9743638962963,0.208500492592593,39.38,-76.99,207704.80204842
"343 Obrecht Road, Sykesville",2008,12.764,14.362558040404,2.25952486363636,0.18712873989899,39.38,-76.99,202172.348238522
"343 Obrecht Road, Sykesville",2009,12.4376666666667,13.0916588697674,1.36191083023256,0.178171539534884,39.38,-76.99,189498.288118821
"343 Obrecht Road, Sykesville",2010,13.2808333333333,13.6902696372549,1.3536852622549,0.137693490196078,39.38,-76.99,195632.057606128
"343 Obrecht Road, Sykesville",2011,13.55725,11.2586732242991,-0.182537240654206,0.284428504672897,39.38,-76.99,193891.253360382
"343 Obrecht Road, Sykesville",2012,13.9965833333333,10.3553073555556,0.364801237037037,0.185723192592593,39.38,-76.99,190565.325603609
Pickle Parkway,2012,21.5560833333333,8.31354334375,0.485593484375,0.1483206875,29.74,-97.85,190565.325603609
Pickle Parkway,2013,22.1826666666667,5.47893781681682,0.494254106606607,0.0924823648648648,29.74,-97.85,190013.457939345
"4135 South I Street, Tulare",2000,16.5040833333333,30.7855619473684,2.63545431578947,0.913454824561404,36.17,-119.34,202954.840625164
"4135 South I Street, Tulare",2001,16.8975833333333,28.347502225,1.676077975,0.7948010125,36.17,-119.34,202533.047669484
"Lafourche Parish, Louisiana",2000,21.0925,17.3460742431694,3.65871243032787,0.756646195355191,29.74,-90.46,202954.840625164
"Lafourche Parish, Louisiana",2001,20.8611666666667,17.3592387722222,3.69179673888889,0.825789090277778,29.74,-90.46,202533.047669484
"Lafourche Parish, Louisiana",2002,20.8769166666667,18.0075229129173,2.61275907256894,0.715797519593614,29.74,-90.46,202507.256316711
"Lafourche Parish, Louisiana",2003,20.6291666666667,15.5625022527778,3.36232855555556,0.661954154166667,29.74,-90.46,205392.551367591
"Lafourche Parish, Louisiana",2004,21.05875,15.8162260164384,3.45987645205479,0.561826015068493,29.74,-90.46,207367.67381895
"Lafourche Parish, Louisiana",2005,21.2510833333333,15.6509889695291,4.40734049861496,0.405291504155125,29.74,-90.46,207371.776318334
"Lafourche Parish, Louisiana",2006,21.5299166666667,15.2907158461538,3.61794494505495,0.344164570054945,29.74,-90.46,206890.551627886
"Lafourche Parish, Louisiana",2007,21.25275,15.1991169183099,2.57456151408451,0.381694292957747,29.74,-90.46,207704.80204842
"Lafourche Parish, Louisiana",2008,20.92725,13.101188951049,2.39554234405594,0.283272268531469,29.74,-90.46,202172.348238522
"Lafourche Parish, Louisiana",2009,21.22975,12.8751434736842,1.91346342797784,0.221387469529086,29.74,-90.46,189498.288118821
"Lafourche Parish, Louisiana",2010,20.33225,12.6985428300283,1.35962493484419,0.247254865439094,29.74,-90.46,195632.057606128
"Lafourche Parish, Louisiana",2011,21.1683333333333,11.6657067107438,1.24741983471074,0.221497504132231,29.74,-90.46,193891.253360382
"Lafourche Parish, Louisiana",2012,21.8084166666667,11.400542943662,0.824401104225352,0.218682654929577,29.74,-90.46,190565.325603609
"Lafourche Parish, Louisiana",2013,21.9952222222222,9.64470509444444,0.635253729166667,0.2040162875,29.74,-90.46,190013.457939345
"Alameda County, California",2007,14.93675,20.4290332083333,1.25277608333333,0.438132145833333,37.78,-122.03,207704.80204842
"Alameda County, California",2008,15.0528333333333,14.2858669889503,0.87848720441989,0.270273354972376,37.78,-122.03,202172.348238522
"Alameda County, California",2009,15.01975,12.8629691589041,0.929267264383562,0.331706316438356,37.78,-122.03,189498.288118821
"Alameda County, California",2010,14.6709166666667,12.8528121181319,0.798487912087912,0.314625581043956,37.78,-122.03,195632.057606128
"342 Fair Avenue, Centreville",2013,18.9838888888889,12.0656349677419,0.750311306451613,0.211006887096774,32.95,-87.13,190013.457939345
"444 Park Street, Gardner",2001,8.91141666666667,24.0484337615385,5.90204849038462,0.297726257692308,42.59,-72,202533.047669484
"444 Park Street, Gardner",2002,9.01575,22.5473301678756,4.55752523056995,0.396308289119171,42.59,-72,202507.256316711
"444 Park Street, Gardner",2003,7.77566666666667,22.496309909589,6.00403299589041,0.618627801369863,42.59,-72,205392.551367591
"444 Park Street, Gardner",2004,8.08908333333333,16.8207040063492,3.6369528968254,0.195828977777778,42.59,-72,207367.67381895
"444 Park Street, Gardner",2005,8.55591666666667,18.6490796131805,1.9711940243553,0.271649398280802,42.59,-72,207371.776318334
"444 Park Street, Gardner",2006,9.48258333333333,18.6769004361111,2.40800493888889,0.456325038888889,42.59,-72,206890.551627886
"444 Park Street, Gardner",2007,8.3645,19.6971824198895,3.16670440745856,0.36190705801105,42.59,-72,207704.80204842
"444 Park Street, Gardner",2008,8.53366666666667,19.6786903589041,2.33086948356164,0.173259021917808,42.59,-72,202172.348238522
"444 Park Street, Gardner",2009,8.06908333333333,18.0483847091413,2.12678294182826,0.286534846260388,42.59,-72,189498.288118821
"444 Park Street, Gardner",2010,9.58016666666667,17.0527500124481,1.58087202351314,0.280419733056708,42.59,-72,195632.057606128
"444 Park Street, Gardner",2011,9.12358333333333,18.5299443351648,1.24891720879121,0.288049269230769,42.59,-72,193891.253360382
"444 Park Street, Gardner",2012,10.0646666666667,15.8050845355649,1.10126164923292,0.277383131101813,42.59,-72,190565.325603609
"444 Park Street, Gardner",2013,10.3756666666667,17.4774906633663,1.07113042857143,0.273270939886846,42.59,-72,190013.457939345
Golden State Highway,2000,16.6433333333333,41.2576621693989,0.487721040983607,1.32901644125683,34.56,-118.7,202954.840625164
Golden State Highway,2001,16.46625,41.2177358412256,0.732013288300836,1.15059698467967,34.56,-118.7,202533.047669484
Golden State Highway,2002,16.43025,40.1067030730337,1.96919802668539,1.10034658146067,34.56,-118.7,202507.256316711
Golden State Highway,2003,16.9446666666667,35.5849672688822,1.33964681117825,1.00409924622357,34.56,-118.7,205392.551367591
Golden State Highway,2004,16.5528333333333,32.6891859941003,2.50982566961652,0.782760495575221,34.56,-118.7,207367.67381895
Golden State Highway,2005,16.4314166666667,29.2322179318498,1.55658563073713,0.766083845618915,34.56,-118.7,207371.776318334
Golden State Highway,2006,16.6230833333333,27.3804372071823,0.62282454281768,0.663388186464088,34.56,-118.7,206890.551627886
Golden State Highway,2007,16.6999166666667,28.6239209944904,1.02110197933884,0.573711287878788,34.56,-118.7,207704.80204842
Golden State Highway,2008,17.01475,28.5664727472527,0.831169516483516,0.544017604395604,34.56,-118.7,202172.348238522
Golden State Highway,2009,16.677,26.7495566362007,0.429082725806452,0.506602863799283,34.56,-118.7,189498.288118821
Golden State Highway,2010,15.887,24.3329576308725,0.888048964765101,0.43910489261745,34.56,-118.7,195632.057606128
Golden State Highway,2011,15.8748333333333,23.1443198168317,0.394750985148515,0.48804102970297,34.56,-118.7,193891.253360382
Golden State Highway,2012,17.0895833333333,22.0470714,0.489857403389831,0.486942572881356,34.56,-118.7,190565.325603609
Golden State Highway,2013,18.1206666666667,20.7301825672131,0.329450665573771,0.434697918032787,34.56,-118.7,190013.457939345
Charlotte,2000,16.4285833333333,15.3748382303207,3.77248689795918,0.62376556851312,34.56,-81.73,202954.840625164
Charlotte,2001,16.8565833333333,14.9851331648936,3.50630249202128,0.582454856382979,34.56,-81.73,202533.047669484
Charlotte,2002,17.0224166666667,12.7554027177914,2.44511570552147,0.43066363803681,34.56,-81.73,202507.256316711
Charlotte,2003,16.2838333333333,12.3819483641975,1.91424715432099,0.488920554012346,34.56,-81.73,205392.551367591
Charlotte,2004,16.7840833333333,11.0699346859756,2.11315652896341,0.431059634146341,34.56,-81.73,207367.67381895
Charlotte,2005,16.7121666666667,12.4336324511628,2.15619839069767,0.51773556744186,34.56,-81.73,207371.776318334
Charlotte,2006,17.0350833333333,12.2851884305556,2.65816839351852,0.403573548611111,34.56,-81.73,206890.551627886
Charlotte,2007,17.4789166666667,13.9164453650138,2.94024620730028,0.375289365013774,34.56,-81.73,207704.80204842
Charlotte,2008,16.6560833333333,11.2082033719008,2.07026687465565,0.322851436639118,34.56,-81.73,202172.348238522
Charlotte,2009,16.4183333333333,9.85195840285715,0.8021515,0.293876041428571,34.56,-81.73,189498.288118821
Charlotte,2010,16.5176666666667,11.6892513567416,0.90441153511236,0.328666504213483,34.56,-81.73,195632.057606128
Charlotte,2011,17.2563333333333,9.99517392264416,0.570810545007032,0.338969414205345,34.56,-81.73,193891.253360382
Charlotte,2012,17.64225,8.67151139772727,0.2337694375,0.28040618262987,34.56,-81.73,190565.325603609
Charlotte,2013,17.705,8.48223218465909,0.253827913352273,0.288644733664773,34.56,-81.73,190013.457939345
Chicago,2000,11.0896666666667,31.5054390176678,4.63873554063604,0.632211406360424,42.59,-87.27,202954.840625164
Chula Vista,2000,16.9000833333333,16.751818350211,2.65734665611814,0.839298673699016,32.95,-117.77,202954.840625164
Chula Vista,2001,16.3741666666667,16.8422959669422,3.31955180716253,0.81224591322314,32.95,-117.77,202533.047669484
Chula Vista,2002,16.37275,17.6468263808219,3.6610823260274,0.736889576712329,32.95,-117.77,202507.256316711
Chula Vista,2003,17.1001666666667,17.9764037972222,3.5725095,0.738177743055556,32.95,-117.77,205392.551367591
Chula Vista,2004,16.8406666666667,16.0356110164384,3.03870374931507,0.716872908219178,32.95,-117.77,207367.67381895
Chula Vista,2005,16.9275,16.2460887541899,3.11908847486034,0.675442416201117,32.95,-117.77,207371.776318334
Chula Vista,2006,17.2315833333333,16.9394814182825,3.29137528531856,0.61142466066482,32.95,-117.77,206890.551627886
Chula Vista,2007,16.80275,15.1849130217391,2.67107671059783,0.660294019021739,32.95,-117.77,207704.80204842
Chula Vista,2008,17.2110833333333,14.7297575785124,2.27804069559229,0.596382296143251,32.95,-117.77,202172.348238522
Chula Vista,2009,17.03125,13.4036950909091,1.99310256336088,0.548843279614325,32.95,-117.77,189498.288118821
Chula Vista,2010,16.1921666666667,21.9045854761905,1.3305949047619,0.729743873015873,32.95,-117.77,195632.057606128
Cincinnati,2011,12.6281666666667,12.9569882271881,3.96801459031657,0.260222569832402,39.38,-85.32,193891.253360382
Cincinnati,2012,13.5179166666667,13.7434783275862,4.01234593965517,0.239785448275862,39.38,-85.32,190565.325603609
Cincinnati,2013,13.3983333333333,11.9789062298137,2.42990818167702,0.243328552795031,39.38,-85.32,190013.457939345
Cleveland,2011,11.04425,15.3807314189944,4.85087371927374,0.293886659217877,40.99,-80.95,193891.253360382
Cleveland,2012,11.9654166666667,13.8363494147727,3.03569164488636,0.280253948863636,40.99,-80.95,190565.325603609
Cleveland,2013,11.8706666666667,12.9290702794521,2.26486090890411,0.242712760273973,40.99,-80.95,190013.457939345
Concord,2000,15.022,16.004768,1.55556846418733,0.681022369146005,37.78,-122.03,202954.840625164
Concord,2001,15.2469166666667,15.4291242839506,1.13624981550069,0.562337340192044,37.78,-122.03,202533.047669484
Concord,2002,14.99625,14.6739415549451,0.761915188186813,0.506172468406594,37.78,-122.03,202507.256316711
Concord,2003,15.4250833333333,13.4269500166205,0.589802059556787,0.507037609418283,37.78,-122.03,205392.551367591
Concord,2004,15.3749166666667,12.2519519512894,1.02052836819484,0.459770302292264,37.78,-122.03,207367.67381895
Concord,2005,15.17125,11.5740220410959,0.952757842465754,0.433029630136986,37.78,-122.03,207371.776318334
Concord,2006,15.021,10.8007513178082,0.764503247945205,0.391771710958904,37.78,-122.03,206890.551627886
Concord,2007,14.93675,10.6800158136986,0.687936967123288,0.361794097260274,37.78,-122.03,207704.80204842
Concord,2008,15.0528333333333,10.1814906311475,0.79590325273224,0.366244349726776,37.78,-122.03,202172.348238522
Concord,2009,15.01975,9.30128356593407,0.563026710164835,0.312346736263736,37.78,-122.03,189498.288118821
Concord,2010,14.6709166666667,8.38724598022599,0.434712453389831,0.320084233050848,37.78,-122.03,195632.057606128
Concord,2011,14.4965833333333,8.7903783890411,0.58099567260274,0.347424710958904,37.78,-122.03,193891.253360382
Concord,2012,15.0515833333333,8.35050808493151,0.299966302739726,0.322826978082192,37.78,-122.03,190565.325603609
Concord,2013,16.2336666666667,9.14086371780822,0.42074557260274,0.33781562739726,37.78,-122.03,190013.457939345
Costa Mesa,2000,16.9000833333333,19.5700879125683,1.85140937704918,0.812796400273224,32.95,-117.77,202954.840625164
Costa Mesa,2001,16.3741666666667,16.3677757026239,1.39873075655977,0.605005090379009,32.95,-117.77,202533.047669484
Costa Mesa,2002,16.37275,17.6560463600563,1.54824960267229,0.548140563994374,32.95,-117.77,202507.256316711
Costa Mesa,2003,17.1001666666667,18.0395645155807,1.00492502832861,0.57855814305949,32.95,-117.77,205392.551367591
Costa Mesa,2004,16.8406666666667,15.8159102915452,1.54958106705539,0.479413890670554,32.95,-117.77,207367.67381895
Costa Mesa,2005,16.9275,13.138341755287,1.25879346676737,0.297238098187311,32.95,-117.77,207371.776318334
Costa Mesa,2006,17.2315833333333,14.3749902636103,1.30980673782235,0.324800812320917,32.95,-117.77,206890.551627886
Costa Mesa,2007,16.80275,13.261896,0.831220865921788,0.311505474860335,32.95,-117.77,207704.80204842
Costa Mesa,2008,17.2110833333333,13.1751366739726,1.1489734109589,0.347699326027397,32.95,-117.77,202172.348238522
Costa Mesa,2009,17.03125,13.0172551578947,1.10667026731302,0.287842379501385,32.95,-117.77,189498.288118821
Costa Mesa,2010,16.1921666666667,11.1729320521978,0.564876458791209,0.242461523351648,32.95,-117.77,195632.057606128
Costa Mesa,2011,16.25575,10.9875756898551,0.279647979710145,0.237483068115942,32.95,-117.77,193891.253360382
Costa Mesa,2012,17.2035833333333,9.54613346686747,0.0704692409638554,0.16766968373494,32.95,-117.77,190565.325603609
Costa Mesa,2013,17.1807777777778,12.0632943387358,0.222227034035656,0.272299768233387,32.95,-117.77,190013.457939345
Dallas,2000,18.8966666666667,18.4965119869281,0.948009688453159,0.392715522875817,32.95,-96.7,202954.840625164
Dallas,2001,18.5453333333333,18.8544678625731,0.993340131578947,0.385097111111111,32.95,-96.7,202533.047669484
Dallas,2002,18.1949166666667,18.3984487018284,0.396090172292546,0.337161857946554,32.95,-96.7,202507.256316711
Dallas,2003,18.55375,18.2647221158192,0.971955194915254,0.423128228813559,32.95,-96.7,205392.551367591
Dallas,2004,18.58425,16.359083156535,0.839264496960486,0.404531109422492,32.95,-96.7,207367.67381895
Dallas,2005,19.1250833333333,16.906299246988,0.826779629518072,0.410845286144578,32.95,-96.7,207371.776318334
Dallas,2006,19.8536666666667,15.2825409735974,0.716134856435644,0.340482889438944,32.95,-96.7,206890.551627886
Dallas,2007,18.4160833333333,15.7133691432836,0.312984964179105,0.371124832835821,32.95,-96.7,207704.80204842
Dallas,2008,18.51825,12.5358114993679,0.526666008849558,0.298085795195955,32.95,-96.7,202172.348238522
Dallas,2009,18.4226666666667,12.4600509299363,0.535039939490446,0.284004786624204,32.95,-96.7,189498.288118821
Dallas,2010,18.686,13.1061377178771,0.641640224860335,0.264152600558659,32.95,-96.7,195632.057606128
Dallas,2011,19.6949166666667,12.9569667323529,0.641221635294118,0.293659830882353,32.95,-96.7,193891.253360382
Dallas,2012,19.9910833333333,11.4915395949926,0.261378516936672,0.20568018556701,32.95,-96.7,190565.325603609
Dallas,2013,20.4507777777778,11.5733744937238,0.17687030404463,0.231715087168759,32.95,-96.7,190013.457939345
Denver,2005,10.0555833333333,31.4745711671388,2.79105758640227,0.705101854107649,39.38,-104.05,207371.776318334
Denver,2006,9.9615,29.1077105253731,2.76280525820896,0.627339320895522,39.38,-104.05,206890.551627886
Denver,2007,9.47508333333333,27.0280750377907,2.63949411627907,0.621431773255814,39.38,-104.05,207704.80204842
Denver,2008,9.0935,42.0401473904762,4.01097796190476,0.773420342857143,39.38,-104.05,202172.348238522
Denver,2012,10.9200833333333,23.992874124805,2.01579570670827,0.396290353354134,39.38,-104.05,190565.325603609
Denver,2013,11.2057777777778,24.06972596875,1.83090696164773,0.395897045454545,39.38,-104.05,190013.457939345
Des Moines,2007,11.2093333333333,7.86189500568182,0.239445931818182,0.291568982954546,40.99,-93.73,207704.80204842
Des Moines,2008,9.49633333333333,8.02263554814815,0.226002464197531,0.294271395061728,40.99,-93.73,202172.348238522
Des Moines,2009,10.0085833333333,8.21748983490566,0.131836247641509,0.268638490566038,40.99,-93.73,189498.288118821
Des Moines,2010,10.7165,8.05911350127877,0.238283246803069,0.289222084398977,40.99,-93.73,195632.057606128
Des Moines,2011,10.9373333333333,7.112136755,0.100663565,0.2109814725,40.99,-93.73,193891.253360382
Des Moines,2012,12.9065,7.32027428365385,0.064395266826923,0.219110228365385,40.99,-93.73,190565.325603609
Des Moines,2013,12.2861111111111,6.15036727638191,-0.0315241030150753,0.198559836683417,40.99,-93.73,190013.457939345
Detroit,2000,9.34416666666667,22.6400608879552,5.41525120588235,0.27700124929972,42.59,-82.91,202954.840625164
Detroit,2001,10.2904166666667,22.7798747482993,5.39270774829932,0.396530275510204,42.59,-82.91,202533.047669484
Detroit,2002,10.0074166666667,20.7680511169591,5.19300599415205,0.373005956140351,42.59,-82.91,202507.256316711
Detroit,2003,8.72583333333333,18.8813654409938,4.95405683850932,0.421699596273292,42.59,-82.91,205392.551367591
Detroit,2004,9.25833333333333,17.0808256686391,3.98005884911243,0.400005133136095,42.59,-82.91,207367.67381895
Detroit,2005,9.73383333333333,17.8596158941176,4.20969741470588,0.3492179,42.59,-82.91,207371.776318334
Detroit,2006,10.42925,13.418527047619,3.14929641369048,0.279230488095238,42.59,-82.91,206890.551627886
El Paso,2000,16.8895833333333,14.8434736674183,1.10803643348365,0.500316404735062,31.35,-105.55,202954.840625164
El Paso,2001,16.6983333333333,14.4389367577236,0.673712818699187,0.430056540650407,31.35,-105.55,202533.047669484
El Paso,2002,16.6320833333333,14.8307263423285,0.341935857363146,0.342456707016191,31.35,-105.55,202507.256316711
El Paso,2003,16.9361666666667,14.9639867419591,0.621917104532164,0.376466238304094,31.35,-105.55,205392.551367591
El Paso,2004,15.9881666666667,13.3186745027855,0.392391265320334,0.33523568454039,31.35,-105.55,207367.67381895
El Paso,2005,16.6130833333333,13.4518489653259,0.590915545076283,0.357244473647712,31.35,-105.55,207371.776318334
El Paso,2006,16.7036666666667,12.9204677623762,0.280832392993146,0.29680468278751,31.35,-105.55,206890.551627886
El Paso,2007,16.252,12.3813058877246,0.386065952095808,0.185657942365269,31.35,-105.55,207704.80204842
El Paso,2008,16.10625,16.5174901521127,0.586064966197183,0.2211779,31.35,-105.55,202172.348238522
El Paso,2009,16.5754166666667,13.676709464986,0.384590415966387,0.162003550420168,31.35,-105.55,189498.288118821
El Paso,2010,16.29875,13.5994353856383,0.424051058510638,0.186529138297872,31.35,-105.55,195632.057606128
El Paso,2011,17.0491666666667,13.4784225409505,0.600170707280081,0.205006600606673,31.35,-105.55,193891.253360382
El Paso,2012,17.2964166666667,12.8493891502504,0.573663832220367,0.188667328046745,31.35,-105.55,190565.325603609
El Paso,2013,18.2408888888889,12.6279781092437,0.473996217086835,0.174384280812325,31.35,-105.55,190013.457939345
Fontana,2008,17.9900833333333,20.2701813498623,1.59742789256198,0.436943582644628,34.56,-116.76,202172.348238522
Fontana,2009,17.7475833333333,23.462264909589,0.857366479452055,0.370621491780822,34.56,-116.76,189498.288118821
Fontana,2010,17.11225,24.3188931349206,0.628874357142857,0.347701226190476,34.56,-116.76,195632.057606128
Fontana,2011,16.96875,21.0200676029412,0.61398005,0.319075170588235,34.56,-116.76,193891.253360382
Fontana,2012,18.4419166666667,22.2467116094183,0.586767221606648,0.266271976454294,34.56,-116.76,190565.325603609
Fontana,2013,19.8653333333333,20.7364118218299,0.4614457929374,0.257847864365971,34.56,-116.76,190013.457939345
Fresno,2003,16.95825,14.5694344678007,1.26253074058323,0.496204436208992,36.17,-119.34,205392.551367591
Fresno,2007,16.4925833333333,15.1943218514851,0.669336209570957,0.201452331683168,36.17,-119.34,207704.80204842
Fresno,2008,16.7175,15.2690067296588,1.06867186745407,0.359690839895013,36.17,-119.34,202172.348238522
Fresno,2009,16.60425,14.2420954876712,1.64837063561644,0.341200830136986,36.17,-119.34,189498.288118821
Fresno,2010,15.8900833333333,12.9162667096774,0.746759923387097,0.277056704301075,36.17,-119.34,195632.057606128
Fresno,2011,15.6258333333333,10.0650309911111,0.782404023111111,0.266580167111111,36.17,-119.34,193891.253360382
Fresno,2012,16.98225,12.2651544776119,0.644719927860697,0.37646171641791,36.17,-119.34,190565.325603609
Fresno,2013,18.6756666666667,13.1200598305556,0.578590413888889,0.419218986111111,36.17,-119.34,190013.457939345
Grand Rapids,2002,9.81116666666667,15.7310772802198,1.71666332417582,0.360402057692308,42.59,-85.09,202507.256316711
Grand Rapids,2003,8.79808333333333,16.4052380054348,1.27703714945652,0.378112274456522,42.59,-85.09,205392.551367591
Grand Rapids,2004,9.2635,12.128194545977,0.838532767241379,0.309592448275862,42.59,-85.09,207367.67381895
Grand Rapids,2005,9.76108333333333,13.2855823910256,1.03790035576923,0.297272493589744,42.59,-85.09,207371.776318334
Grand Rapids,2006,10.3070833333333,11.7095120054348,0.77228485326087,0.347183972826087,42.59,-85.09,206890.551627886
Grand Rapids,2007,9.85433333333333,8.125,2.3229165,0.229167,42.59,-85.09,207704.80204842
Hampton,2010,16.2965833333333,4.1112565511811,1.70190395275591,0.0754753070866141,36.17,-75.58,195632.057606128
Hampton,2011,17.2174166666667,4.50547649767442,1.00917748837209,0.336770548837209,36.17,-75.58,193891.253360382
Hampton,2012,17.3745,3.8231865,0.732404089622642,0.271000469339623,36.17,-75.58,190565.325603609
Hampton,2013,17.288,2.982939705,0.8183498475,0.305862965,36.17,-75.58,190013.457939345
Henderson,2000,18.509,16.6838067094017,5.3827119017094,0.221657955128205,36.17,-115.36,202954.840625164
Henderson,2001,18.50475,14.9883558259109,4.92658347975709,0.133101348178138,36.17,-115.36,202533.047669484
Houston,2000,21.342,16.8672610015015,6.10643582132132,0.382191118618619,29.74,-96,202954.840625164
Houston,2001,20.64,16.8720261615272,4.36664349339207,0.302346766519824,29.74,-96,202533.047669484
Houston,2003,20.685,14.0918965472561,6.13539061204268,0.674338606707317,29.74,-96,205392.551367591
Houston,2004,20.9771666666667,12.301445413643,6.50062531132075,0.303657281567489,29.74,-96,207367.67381895
Houston,2005,21.2321666666667,11.8733509251799,7.1317488294964,0.13466538705036,29.74,-96,207371.776318334
Houston,2006,21.456,13.3080369905213,4.01635623775671,0.188722065560822,29.74,-96,206890.551627886
Houston,2007,20.7144166666667,15.8273104921986,2.87036888865248,0.205184387943262,29.74,-96,207704.80204842
Houston,2008,21.0078333333333,14.1893826906475,1.49057027338129,0.22110545971223,29.74,-96,202172.348238522
Houston,2009,21.1051666666667,9.51155337362637,1.40484352014652,0.184007946520147,29.74,-96,189498.288118821
Houston,2010,20.4325833333333,13.1515563484321,1.55110065853659,0.233369301393728,29.74,-96,195632.057606128
Houston,2011,21.6856666666667,12.0004575647887,0.891508090140845,0.213489961971831,29.74,-96,193891.253360382
Houston,2012,21.8571666666667,12.5196002586926,0.781171486091794,0.216207882475661,29.74,-96,190565.325603609
Houston,2013,22.2802222222222,11.9601783972028,0.386017616783217,0.221947737762238,29.74,-96,190013.457939345
Kansas City,2000,12.72675,16.51802803125,1.37818157670455,0.984363693181818,39.38,-93.64,202954.840625164
Kansas City,2001,13.0948333333333,18.422411664723,1.66591050145773,0.569799303206997,39.38,-93.64,202533.047669484
Kansas City,2002,13.0049166666667,16.8405886865204,3.3631344153605,0.826019512539185,39.38,-93.64,202507.256316711
Kansas City,2003,12.5559166666667,16.3128686007326,3.3067157985348,0.556081097069597,39.38,-93.64,205392.551367591
Kansas City,2004,12.5583333333333,14.8778075329513,2.96692383810888,0.505000878223496,39.38,-93.64,207367.67381895
Kansas City,2005,13.2669166666667,17.4847099805556,3.55853205416667,0.496904343055556,39.38,-93.64,207371.776318334
Kansas City,2006,13.7685,15.1823988270893,4.5998790648415,0.425664374639769,39.38,-93.64,206890.551627886
Kansas City,2007,13.1776666666667,13.3936032794521,4.19640236986301,0.422213620547945,39.38,-93.64,207704.80204842
Kansas City,2008,11.61275,16.8078922103746,4.04381809798271,0.402355070605187,39.38,-93.64,202172.348238522
Kansas City,2009,12.0295833333333,12.2716397953216,4.65207902631579,0.296209340643275,39.38,-93.64,189498.288118821
Kansas City,2010,12.6794166666667,13.0666753128655,5.18930890789474,0.417026507309942,39.38,-93.64,195632.057606128
Kansas City,2011,12.794,13.10077026,3.61894933571429,0.451442347142857,39.38,-93.64,193891.253360382
Kansas City,2012,14.79125,12.0659567400881,2.80852907929515,0.510675077092511,39.38,-93.64,190565.325603609
Kansas City,2013,13.9896666666667,11.8597126655844,2.04339245454545,0.43578813474026,39.38,-93.64,190013.457939345
Lancaster,2000,16.6433333333333,11.1877565785536,2.76272398628429,0.239179663341646,34.56,-118.7,202954.840625164
Lancaster,2001,16.46625,11.1960624475524,1.83220257342657,0.298438606060606,34.56,-118.7,202533.047669484
Lancaster,2002,16.43025,10.5750235227273,3.25378951818182,0.358629840909091,34.56,-118.7,202507.256316711
Lancaster,2003,16.9446666666667,11.9242079906103,2.80942592723005,0.273689389671361,34.56,-118.7,205392.551367591
Lancaster,2004,16.5528333333333,11.363660352657,3.91808961352657,0.297194038647343,34.56,-118.7,207367.67381895
Lancaster,2005,16.4314166666667,10.7438314061033,3.75214059624413,0.24140048943662,34.56,-118.7,207371.776318334
Lancaster,2006,16.6230833333333,10.8290358,4.1713837372093,0.282213069767442,34.56,-118.7,206890.551627886
Lancaster,2007,16.6999166666667,9.67817054716981,3.93437994103774,0.231739566037736,34.56,-118.7,207704.80204842
Lancaster,2008,17.01475,9.7187255456919,3.73727971018277,0.308855449086162,34.56,-118.7,202172.348238522
Long Beach,2000,16.9000833333333,31.5235210054645,2.2886119931694,0.717407725409836,32.95,-117.77,202954.840625164
Long Beach,2001,16.3741666666667,30.3251306438356,2.21672733835616,0.81195278630137,32.95,-117.77,202533.047669484
Long Beach,2002,16.37275,29.468020579096,2.08516407909605,0.883958087570621,32.95,-117.77,202507.256316711
Long Beach,2003,17.1001666666667,28.296755038633,2.32989326002972,0.849162086181278,32.95,-117.77,205392.551367591
Long Beach,2004,16.8406666666667,27.7828049610028,5.05217071030641,0.548364374651811,32.95,-117.77,207367.67381895
Long Beach,2005,16.9275,24.3032173534247,1.84382308082192,0.740479389041096,32.95,-117.77,207371.776318334
Long Beach,2006,17.2315833333333,21.3953115426136,1.24687724289773,0.751522734375,32.95,-117.77,206890.551627886
Long Beach,2007,16.80275,20.6365672680115,2.64351152737752,0.601046811239193,32.95,-117.77,207704.80204842
Long Beach,2008,17.2110833333333,20.8048598387978,2.17578653005464,0.530011471311475,32.95,-117.77,202172.348238522
Long Beach,2009,17.03125,21.1103255753846,1.22188398153846,0.50218206,32.95,-117.77,189498.288118821
Long Beach,2010,16.1921666666667,20.5794868760563,1.04276843521127,0.382762773239437,32.95,-117.77,195632.057606128
Long Beach,2011,16.25575,18.7871201974684,0.857908297890295,0.385056194092827,32.95,-117.77,193891.253360382
Long Beach,2012,17.2035833333333,22.07338078125,0.699110048295455,0.554381911931818,32.95,-117.77,190565.325603609
Long Beach,2013,17.1807777777778,17.4590412749529,0.72630768173258,0.433372673258004,32.95,-117.77,190013.457939345
Los Angeles,2000,16.6433333333333,40.1055815849673,1.27262896895425,1.06645206535948,34.56,-118.7,202954.840625164
Los Angeles,2001,16.46625,37.9475239812207,2.45321449061033,1.14390011580595,34.56,-118.7,202533.047669484
Los Angeles,2002,16.43025,32.7380063466534,2.49479532117882,1.04291056343656,34.56,-118.7,202507.256316711
Los Angeles,2003,16.9446666666667,33.6258553092486,2.02954056936416,0.959039683526011,34.56,-118.7,205392.551367591
Los Angeles,2004,16.5528333333333,25.1765073154842,2.61795699062918,0.594167473003124,34.56,-118.7,207367.67381895
Los Angeles,2005,16.4314166666667,20.0479386047157,3.71567365533981,0.435050576976422,34.56,-118.7,207371.776318334
Los Angeles,2006,16.6230833333333,21.9860273783404,1.94294623488045,0.383679894514768,34.56,-118.7,206890.551627886
Los Angeles,2007,16.6999166666667,21.4902402798834,1.80177712099125,0.384129136297376,34.56,-118.7,207704.80204842
Los Angeles,2008,17.01475,20.4042818623188,0.993674846376812,0.377043369565217,34.56,-118.7,202172.348238522
Los Angeles,2009,16.677,21.81758992646,1.0297706369863,0.520250678803172,34.56,-118.7,189498.288118821
Los Angeles,2010,15.887,18.6409705930736,0.466634887445887,0.449055096681097,34.56,-118.7,195632.057606128
Los Angeles,2011,15.8748333333333,20.027220552822,0.299061154124457,0.416892544862518,34.56,-118.7,193891.253360382
Los Angeles,2012,17.0895833333333,19.8120945111633,0.393459612220917,0.557189290834313,34.56,-118.7,190565.325603609
Los Angeles,2013,18.1206666666667,18.8667418660521,0.285641624186551,0.484390781453362,34.56,-118.7,190013.457939345
Louisville,2000,13.49975,12.235175788764,5.6657789258427,0.448763671910112,37.78,-85.42,202954.840625164
Louisville,2001,14.104,12.2638302864583,3.9895997734375,0.399848515625,37.78,-85.42,202533.047669484
Louisville,2002,14.2894166666667,12.0468271092437,2.36370081512605,0.283327932773109,37.78,-85.42,202507.256316711
Louisville,2013,15.0311111111111,14.1082012439024,1.49730329878049,0.351763481707317,37.78,-85.42,190013.457939345
Manchester,2002,9.01575,9.98933605978261,1.11062165217391,0.279515548913044,42.59,-72,202507.256316711
Manchester,2003,7.77566666666667,9.36833237356322,1.32339872988506,0.336582833333333,42.59,-72,205392.551367591
Manchester,2004,8.08908333333333,9.76845323913043,2.35611683152174,0.256235644021739,42.59,-72,207367.67381895
Manchester,2005,8.55591666666667,9.14654713432836,3.0066285920398,0.456763975124378,42.59,-72,207371.776318334
Manchester,2006,9.48258333333333,7.33327681142857,1.51904301714286,0.349451674285714,42.59,-72,206890.551627886
Manchester,2007,8.3645,7.62177113586956,1.24465949456522,0.459521866847826,42.59,-72,207704.80204842
Manchester,2008,8.53366666666667,7.21996908791209,1.32605509340659,0.507567282967033,42.59,-72,202172.348238522
Manchester,2009,8.06908333333333,8.22515785046729,1.48252203084112,0.372491459813084,42.59,-72,189498.288118821
Manchester,2010,9.58016666666667,7.66857066791045,0.973383332089552,0.442154098880597,42.59,-72,195632.057606128
Miami,2001,23.7018333333333,9.44385598605578,1.10954523306773,0.0374748346613545,26.52,-80.6,202533.047669484
Miami,2002,24.11175,7.36812388888889,0.711509133333333,0.0370250539682539,26.52,-80.6,202507.256316711
Miami,2003,23.9999166666667,8.09619808108108,0.44304722007722,0.054540638996139,26.52,-80.6,205392.551367591
Miami,2004,23.6929166666667,6.27650753985507,0.332883048913044,0.0167370398550724,26.52,-80.6,207367.67381895
Miami,2005,23.64025,7.48899757024793,0.263793132231405,0.0200519421487603,26.52,-80.6,207371.776318334
Milwaukee,2006,11.8705,14.7652431034483,2.62567093534483,0.353597291666667,42.59,-87.27,206890.551627886
Milwaukee,2007,11.4483333333333,17.2530547741935,2.49374182258065,0.314837548387097,42.59,-87.27,207704.80204842
New Haven,2006,11.93275,17.4441664651163,3.19609703488372,0.477757034883721,40.99,-72.43,206890.551627886
New Haven,2007,11.1108333333333,16.4508236304348,3.92722085869565,0.435538032608696,40.99,-72.43,207704.80204842
New Haven,2008,11.37225,15.2683153714286,2.57045637142857,0.299546325,40.99,-72.43,202172.348238522
New Haven,2009,10.7208333333333,14.2630844620836,2.16517745145287,0.271749814316088,40.99,-72.43,189498.288118821
New Haven,2010,11.9426666666667,13.7825479942363,1.46287742795389,0.293090008645533,40.99,-72.43,195632.057606128
New Haven,2011,11.82225,15.403940439834,1.71672370539419,0.288020132780083,40.99,-72.43,193891.253360382
New Haven,2012,12.5431666666667,13.4139748821918,1.15545068767123,0.269755693150685,40.99,-72.43,190565.325603609
New Haven,2013,12.3291111111111,13.6217755808219,0.827306698630137,0.255414134246575,40.99,-72.43,190013.457939345
New York,2000,9.96908333333333,26.7192749050471,7.48000318648417,0.620530896492729,40.99,-74.56,202954.840625164
New York,2001,10.931,28.5193648485041,8.55959317918523,0.615518335455124,40.99,-74.56,202533.047669484
New York,2002,11.2521666666667,27.6528178988848,7.4928714535316,0.612746562825279,40.99,-74.56,202507.256316711
New York,2003,9.836,26.7363251773363,8.00565197424577,0.697557740986019,40.99,-74.56,205392.551367591
New York,2004,10.3895,24.573622072572,7.09531448559232,0.57926362717894,40.99,-74.56,207367.67381895
New York,2005,10.6814166666667,25.7116261119573,7.40594041964966,0.55340422239147,40.99,-74.56,207371.776318334
New York,2006,11.51925,24.2292176519298,5.93532451719298,0.476604439298246,40.99,-74.56,206890.551627886
New York,2007,10.6273333333333,23.2719362300797,5.56694276543825,0.506754551792829,40.99,-74.56,207704.80204842
New York,2008,10.6416666666667,23.1042334942529,5.21491322286079,0.495405081736909,40.99,-74.56,202172.348238522
New York,2009,10.1418333333333,21.6850167674074,4.51212179333333,0.400407293333333,40.99,-74.56,189498.288118821
New York,2010,11.3575833333333,19.7113972374302,3.85694339874302,0.448849737430168,40.99,-74.56,195632.057606128
New York,2011,11.27225,21.2029087294686,4.10928642190016,0.386116081320451,40.99,-74.56,193891.253360382
New York,2012,11.9715,18.0947655636115,2.51567181668947,0.343470825581395,40.99,-74.56,190565.325603609
New York,2013,12.1638888888889,17.9196587378641,1.80678578085992,0.305675137309293,40.99,-74.56,190013.457939345
Newark,2001,10.931,28.4089677099567,3.9777805974026,0.669265103896104,40.99,-74.56,202533.047669484
Newark,2002,11.2521666666667,28.1250426465257,3.66871502114804,0.65250481570997,40.99,-74.56,202507.256316711
Newark,2003,9.836,29.8200638896552,5.93028942758621,0.659640017241379,40.99,-74.56,205392.551367591
Newark,2011,11.27225,21.0352921522989,1.95548642528736,0.358829824712644,40.99,-74.56,193891.253360382
Newark,2012,11.9715,18.3678866788732,1.13614215915493,0.33477064084507,40.99,-74.56,190565.325603609
Newark,2013,12.1638888888889,18.1717365983146,0.815540731741573,0.346870735955056,40.99,-74.56,190013.457939345
Oakland,2001,15.2469166666667,23.7974682727273,1.60331443181818,0.702496613636364,37.78,-122.03,202533.047669484
Oakland,2002,14.99625,18.9089185844156,1.60142468686869,0.695644193362193,37.78,-122.03,202507.256316711
Oakland,2003,15.4250833333333,18.4282082521008,2.5829061512605,0.733841831932773,37.78,-122.03,205392.551367591
Oakland,2010,14.6709166666667,17.9882022105263,0.991102473684211,0.301418131578947,37.78,-122.03,195632.057606128
Oakland,2011,14.4965833333333,15.7371486821918,1.0543877369863,0.376053384931507,37.78,-122.03,193891.253360382
Oakland,2012,15.0515833333333,14.8797653267606,0.706752826760563,0.475002025352113,37.78,-122.03,190565.325603609
Oakland,2013,16.2336666666667,16.7729311730769,0.503799237637363,0.515576309065934,37.78,-122.03,190013.457939345
Oklahoma City,2011,16.7104166666667,6.39518804938272,0.628089111111111,0.216102604938272,36.17,-97.46,193891.253360382
Oklahoma City,2012,17.68725,5.39024391460055,0.234959508264463,0.128896122589532,36.17,-97.46,190565.325603609
Oklahoma City,2013,17.2147777777778,5.66183782093664,0.219246110192837,0.136347079889807,36.17,-97.46,190013.457939345
Philadelphia,2000,12.3116666666667,25.6586787973951,5.05722632416787,0.567584269175109,39.38,-74.91,202954.840625164
Philadelphia,2001,13.06575,25.7430148323529,4.68258930588235,0.551013291176471,39.38,-74.91,202533.047669484
Philadelphia,2002,13.587,24.324969799435,4.32270574152542,0.504675292372881,39.38,-74.91,202507.256316711
Philadelphia,2003,12.0740833333333,24.002030472561,5.0558996722561,0.469394544207317,39.38,-74.91,205392.551367591
Philadelphia,2004,12.6865,22.6503259692308,5.02037517412587,0.455161248951049,39.38,-74.91,207367.67381895
Philadelphia,2005,12.7139166666667,21.2211579195402,4.30494994061303,0.412890340996169,39.38,-74.91,207371.776318334
Philadelphia,2006,13.6364166666667,20.625750465374,4.22843326177285,0.409670182825485,39.38,-74.91,206890.551627886
Philadelphia,2007,12.97275,20.4060251298343,3.85459185911602,0.279563295580111,39.38,-74.91,207704.80204842
Philadelphia,2008,13.0110833333333,19.6068064651494,3.35479074822191,0.298146778093883,39.38,-74.91,202172.348238522
Philadelphia,2009,12.49825,18.3139574193103,2.57572904827586,0.320415193103448,39.38,-74.91,189498.288118821
Philadelphia,2010,13.2829166666667,17.7243569529737,2.23934903181189,0.296035778008299,39.38,-74.91,195632.057606128
Philadelphia,2011,13.6519166666667,20.2587934792244,1.81267580609418,0.284067783933518,39.38,-74.91,193891.253360382
Philadelphia,2012,14.0549166666667,17.9054810462833,1.01761261360449,0.283999560308555,39.38,-74.91,190565.325603609
Philadelphia,2013,14.0136666666667,16.3574049002849,1.19489225356125,0.266001767806268,39.38,-74.91,190013.457939345
Phoenix,2000,22.00325,29.1213422249284,2.33740929584527,1.00968484670487,32.95,-112.02,202954.840625164
Phoenix,2001,21.9174166666667,28.836456091922,2.4739953091922,0.85799395264624,32.95,-112.02,202533.047669484
Phoenix,2002,21.9045,29.8983489940476,2.72082022470238,1.00341520684524,32.95,-112.02,202507.256316711
Phoenix,2003,22.1455833333333,29.3262552366667,2.57181171833333,0.7849117,32.95,-112.02,205392.551367591
Phoenix,2004,21.5198333333333,24.5730376176024,2.26609537405159,0.561856708649469,32.95,-112.02,207367.67381895
Phoenix,2005,21.81425,23.9534700102623,2.38664244355758,0.712747261687571,32.95,-112.02,207371.776318334
Phoenix,2006,21.85425,22.4052637750533,2.00392764712154,0.64409561140725,32.95,-112.02,206890.551627886
Phoenix,2007,22.1081666666667,22.3958129458689,1.82116479558405,0.620517707977208,32.95,-112.02,207704.80204842
Phoenix,2008,21.6885,20.8948751366959,1.92561666045322,0.528185159356725,32.95,-112.02,202172.348238522
Phoenix,2009,22.096,19.6189475280112,1.62443192787115,0.515472698879552,32.95,-112.02,189498.288118821
Phoenix,2010,21.5844166666667,18.2994504424242,1.38548370681818,0.4334254,32.95,-112.02,195632.057606128
Phoenix,2011,21.5584166666667,19.8911705757291,1.1180218607714,0.449280109125118,32.95,-112.02,193891.253360382
Phoenix,2012,22.3069166666667,19.9430625662745,1.25127856784314,0.407592967058824,32.95,-112.02,190565.325603609
Phoenix,2013,23.5645555555556,18.1302893468395,1.00815057941653,0.407566431118314,32.95,-112.02,190013.457939345
Pittsburgh,2000,10.2251666666667,21.1823865225,9.566587915,0.2901198725,40.99,-80.95,202954.840625164
Pittsburgh,2001,11.0745,20.557701478673,7.64050359004739,0.355507073459716,40.99,-80.95,202533.047669484
Pittsburgh,2002,11.1733333333333,19.3467898325581,9.90911704186046,0.35969846744186,40.99,-80.95,202507.256316711
Pittsburgh,2003,9.87991666666667,19.6416402425743,8.76205850742574,0.282329066831683,40.99,-80.95,205392.551367591
Pittsburgh,2004,10.4746666666667,19.3984736009852,5.41623487684729,0.345823697044335,40.99,-80.95,207367.67381895
Pittsburgh,2005,10.7458333333333,20.6109878592965,8.12995464572864,0.121172261306533,40.99,-80.95,207371.776318334
Pittsburgh,2006,11.30525,15.9093134976077,6.81307024880383,0.267846801435407,40.99,-80.95,206890.551627886
Pittsburgh,2007,10.85,18.5119263734015,5.16704499744246,0.585097681585678,40.99,-80.95,207704.80204842
Pittsburgh,2008,10.1859166666667,16.059351259887,4.10847074576271,0.259029036723164,40.99,-80.95,202172.348238522
Pittsburgh,2009,10.0663333333333,11.8823590107527,2.90078922311828,0.257573056451613,40.99,-80.95,189498.288118821
Pittsburgh,2010,10.7664166666667,11.6879095824801,3.28999110352674,0.390280511945393,40.99,-80.95,195632.057606128
Pittsburgh,2011,11.04425,12.970569723622,2.59003743937008,0.234492316929134,40.99,-80.95,193891.253360382
Pittsburgh,2012,11.9654166666667,12.6873591390728,2.38727619122517,0.265544591059603,40.99,-80.95,190565.325603609
Pittsburgh,2013,11.8706666666667,10.8064865406593,2.23306998681319,0.215488391208791,40.99,-80.95,190013.457939345
Portland,2007,10.1725833333333,11.4253204632035,1.16521486363636,0.330530558441558,45.81,-123.46,207704.80204842
Portland,2008,9.8025,10.6667289611307,1.39124392137809,0.270617681978799,45.81,-123.46,202172.348238522
Portland,2009,10.1371666666667,10.5026073869565,2.28050622898551,0.292565999275362,45.81,-123.46,189498.288118821
Portland,2010,10.4960833333333,9.41943789106145,1.45274530935754,0.329861083798883,45.81,-123.46,195632.057606128
Portland,2011,9.6685,9.15524578171091,1.06057212758112,0.324362527286136,45.81,-123.46,193891.253360382
Portland,2012,10.2501666666667,9.45695362509065,0.826221457215373,0.353594065264685,45.81,-123.46,190565.325603609
Portland,2013,11.7353333333333,9.64959761405405,1.30676688432432,0.326265465945946,45.81,-123.46,190013.457939345
Reno,2010,11.3533333333333,22.3421667,0.4304355,0.2896734,39.38,-120.69,195632.057606128
Reno,2011,11.1718333333333,16.6658802356164,0.502221683561644,0.295885973972603,39.38,-120.69,193891.253360382
Reno,2012,12.4409166666667,14.1473475222222,0.374382493055556,0.257559909722222,39.38,-120.69,190565.325603609
Reno,2013,13.9153333333333,16.2355307710145,0.499728731884058,0.3059823,39.38,-120.69,190013.457939345
Rochester,2011,9.36491666666667,8.42193906872852,1.0981387371134,0.184790070446735,42.59,-78.55,193891.253360382
Salt Lake City,2011,10.0454166666667,18.2019177950139,0.95789637534626,0.346075317174515,40.99,-112.9,193891.253360382
Salt Lake City,2012,12.1026666666667,16.2148670083799,0.563946927374302,0.353208702513967,40.99,-112.9,190565.325603609
Salt Lake City,2013,12.6002222222222,17.6638509940828,0.469619415680473,0.349512020710059,40.99,-112.9,190013.457939345
San Antonio,2008,20.9064166666667,8.87418671549296,0.449821550704225,0.287011564788732,29.74,-97.85,202172.348238522
San Antonio,2009,21.0608333333333,8.31120877854195,0.397346431224209,0.237086909215956,29.74,-97.85,189498.288118821
San Antonio,2010,20.0991666666667,8.42803026857143,0.654769782857143,0.351055291428571,29.74,-97.85,195632.057606128
San Diego,2000,16.9000833333333,22.1947105746479,3.60112557394366,1.08717189366197,32.95,-117.77,202954.840625164
San Diego,2001,16.3741666666667,20.6176763325775,3.33352608465608,0.91166266893424,32.95,-117.77,202533.047669484
San Diego,2002,16.37275,21.5631704643357,3.53404915174825,0.863384765734266,32.95,-117.77,202507.256316711
San Diego,2003,17.1001666666667,20.6063080932025,3.81789150770848,0.882391744218641,32.95,-117.77,205392.551367591
San Diego,2004,16.8406666666667,21.6666991154381,4.61978557858136,0.927603990264256,32.95,-117.77,207367.67381895
San Diego,2005,16.9275,22.5462910276364,3.60505477309091,0.891136059636364,32.95,-117.77,207371.776318334
San Diego,2006,17.2315833333333,22.2108420176678,3.38327483674912,0.812208739929329,32.95,-117.77,206890.551627886
San Diego,2007,16.80275,20.1163343221477,2.92011888926175,0.715381405667412,32.95,-117.77,207704.80204842
San Diego,2008,17.2110833333333,21.8213503544495,2.62911168401207,0.735017149321267,32.95,-117.77,202172.348238522
San Diego,2009,17.03125,19.2929997538036,2.7070537593361,0.640105623789765,32.95,-117.77,189498.288118821
San Diego,2010,16.1921666666667,16.860523851585,0.495586601585014,0.563731229106628,32.95,-117.77,195632.057606128
San Diego,2011,16.25575,14.8922428618785,1.16243151933702,0.517388541436464,32.95,-117.77,193891.253360382
San Francisco,2000,15.022,20.2986925484765,2.35218178531856,0.712393524930748,37.78,-122.03,202954.840625164
San Francisco,2001,15.2469166666667,19.1506256401099,2.12994432692308,0.71457773489011,37.78,-122.03,202533.047669484
San Francisco,2002,14.99625,18.6398751629214,1.90477770224719,0.688179973314607,37.78,-122.03,202507.256316711
San Francisco,2003,15.4250833333333,18.3583313260274,2.15465382465753,0.636442478082192,37.78,-122.03,205392.551367591
San Francisco,2004,15.3749166666667,15.7754420535055,1.9819664095941,0.408986703874539,37.78,-122.03,207367.67381895
San Francisco,2005,15.17125,14.4770723837429,1.17994277410208,0.363054206049149,37.78,-122.03,207371.776318334
San Francisco,2006,15.021,16.0661347726027,1.31793006575342,0.519019415068493,37.78,-122.03,206890.551627886
San Francisco,2007,14.93675,15.5780749368132,1.03901310851648,0.447900071428571,37.78,-122.03,207704.80204842
San Francisco,2008,15.0528333333333,15.6907609123288,0.961293869863014,0.427613253424658,37.78,-122.03,202172.348238522
San Jose,2009,15.01975,13.4081752698413,0.336983352380952,0.350989842857143,37.78,-122.03,189498.288118821
San Jose,2010,14.6709166666667,14.3776823369863,0.335469590410959,0.35062445890411,37.78,-122.03,195632.057606128
San Jose,2011,14.4965833333333,14.7843530028329,0.296891956090652,0.375980038243626,37.78,-122.03,193891.253360382
San Jose,2012,15.0515833333333,13.2678254738292,0.331404889807163,0.35027508815427,37.78,-122.03,190565.325603609
San Jose,2013,16.2336666666667,15.2742439315069,0.293822720547945,0.411563594520548,37.78,-122.03,190013.457939345
Scottsdale,2000,22.00325,39.3186563497268,2.285352,0.854051991803279,32.95,-112.02,202954.840625164
Scottsdale,2001,21.9174166666667,24.0360465523114,1.72150083576642,0.752954043795621,32.95,-112.02,202533.047669484
Scottsdale,2002,21.9045,25.6662547541766,1.99369004057279,0.756495202863962,32.95,-112.02,202507.256316711
Scottsdale,2003,22.1455833333333,25.0275340557621,1.64633685501859,0.753631275092937,32.95,-112.02,205392.551367591
Scottsdale,2004,21.5198333333333,21.6691491658163,1.44121076913265,0.642664030612245,32.95,-112.02,207367.67381895
Scottsdale,2005,21.81425,21.8149823970223,1.56357899627792,0.648929786600496,32.95,-112.02,207371.776318334
Scottsdale,2006,21.85425,22.6897943479319,2.1728385729927,0.490046141119221,32.95,-112.02,206890.551627886
Scottsdale,2007,22.1081666666667,19.39794768,1.55477978705882,0.469781094117647,32.95,-112.02,207704.80204842
Scottsdale,2008,21.6885,18.0223142141119,0.959435447688564,0.355642880778589,32.95,-112.02,202172.348238522
Scottsdale,2009,22.096,17.1754889903148,0.803999382566586,0.376529651331719,32.95,-112.02,189498.288118821
Scottsdale,2010,21.5844166666667,16.7334952733813,1.26076621942446,0.395942448441247,32.95,-112.02,195632.057606128
Seattle,2013,9.94644444444444,11.6114197567568,1.07915481081081,0.181388621621622,47.42,-121.97,190013.457939345
Sioux Falls,2011,7.251,6.18793895909732,0.433789507757405,0.190539389280677,44.2,-96.15,193891.253360382
Sioux Falls,2012,9.5675,6.23723180136986,0.47678463630137,0.192368135616438,44.2,-96.15,190565.325603609
Sioux Falls,2013,8.679,5.26011130969609,0.548938143994211,0.183426410998553,44.2,-96.15,190013.457939345
Tucson,2000,18.66575,17.0716177204611,2.27827136311239,0.423192837175793,31.35,-111.2,202954.840625164
Tucson,2001,18.2699166666667,15.5951638717201,0.788653018950437,0.369223141399417,31.35,-111.2,202533.047669484
Tucson,2002,18.6499166666667,16.6240490280112,1.00654361344538,0.39626643697479,31.35,-111.2,202507.256316711
Tucson,2003,18.9321666666667,17.1938465388889,1.21373703333333,0.459156029166667,31.35,-111.2,205392.551367591
Tucson,2004,17.9485833333333,15.3164706311475,1.14955200136612,0.39217331010929,31.35,-111.2,207367.67381895
Tucson,2005,18.71425,14.8778232794521,0.698140173972603,0.373620994520548,31.35,-111.2,207371.776318334
Tucson,2006,18.6088333333333,15.754081230137,0.605788150684932,0.365421980821918,31.35,-111.2,206890.551627886
Tucson,2007,18.5535,13.394700139726,0.9219563,0.315924794520548,31.35,-111.2,207704.80204842
Tucson,2008,18.2444166666667,13.410799521978,0.858628697802198,0.271507445054945,31.35,-111.2,202172.348238522
Tucson,2009,18.771,12.328058309589,0.50952632739726,0.268058115068493,31.35,-111.2,189498.288118821
Tucson,2010,18.1860833333333,12.0945480899123,0.45944379495614,0.252303156798246,31.35,-111.2,195632.057606128
Tucson,2011,18.4020833333333,11.7789302472222,0.270856708333333,0.187142113888889,31.35,-111.2,193891.253360382
Tucson,2012,18.9624166666667,13.3897976270627,0.201280706270627,0.20585149669967,31.35,-111.2,190565.325603609
Tucson,2013,19.712,10.9986510739726,0.223133316438356,0.174377163013699,31.35,-111.2,190013.457939345
Tulsa,2006,16.9711666666667,12.9927981285714,1.28097414285714,0.384928142857143,36.17,-95.47,206890.551627886
Tulsa,2007,16.0904166666667,9.63819018987342,0.776612912974684,0.323385431962025,36.17,-95.47,207704.80204842
Tulsa,2008,15.332,10.6469888469388,0.985638295918367,0.314645163265306,36.17,-95.47,202172.348238522
Tulsa,2009,15.3093333333333,8.64548595340502,0.69069423297491,0.261511050179212,36.17,-95.47,189498.288118821
Tulsa,2010,15.9794166666667,8.55255217973856,0.677697052287582,0.256624934640523,36.17,-95.47,195632.057606128
Tulsa,2011,16.4616666666667,8.94183720180723,0.819477115963855,0.275636594879518,36.17,-95.47,193891.253360382
Tulsa,2012,17.68025,9.00014484,0.675336051851852,0.2106792,36.17,-95.47,190565.325603609
Tulsa,2013,17.1197777777778,7.86229998039216,0.479422740896359,0.209083508403361,36.17,-95.47,190013.457939345
Vallejo,2000,15.022,13.3267062225275,1.50738134065934,0.63784798489011,37.78,-122.03,202954.840625164
Vallejo,2001,15.2469166666667,12.9222358662953,0.943306298050139,0.529054796657382,37.78,-122.03,202533.047669484
Vallejo,2002,14.99625,12.9685794120879,1.27977258791209,0.558674125,37.78,-122.03,202507.256316711
Vallejo,2003,15.4250833333333,11.9037254088398,1.13438108563536,0.485524544198895,37.78,-122.03,205392.551367591
Vallejo,2004,15.3749166666667,11.8527188934426,1.26173220628415,0.479654423497268,37.78,-122.03,207367.67381895
Vallejo,2005,15.17125,10.5987506560694,1.19576653901734,0.44130775867052,37.78,-122.03,207371.776318334
Vallejo,2006,15.021,11.5601048246575,1.00839274109589,0.490226257534247,37.78,-122.03,206890.551627886
Vallejo,2007,14.93675,10.5567654657534,0.873376846575343,0.446258419178082,37.78,-122.03,207704.80204842
Vallejo,2008,15.0528333333333,10.5119057445055,0.848719489010989,0.407916434065934,37.78,-122.03,202172.348238522
Vallejo,2009,15.01975,9.6941072679558,0.657002843922652,0.358108139502762,37.78,-122.03,189498.288118821
Vallejo,2010,14.6709166666667,9.26397542797203,0.549151905594406,0.352002888111888,37.78,-122.03,195632.057606128
Vallejo,2011,14.4965833333333,10.2110514739726,0.846363806849315,0.413189893150685,37.78,-122.03,193891.253360382
Vallejo,2012,15.0515833333333,9.14277230327869,0.641985781420765,0.379388151639344,37.78,-122.03,190565.325603609
Vallejo,2013,16.2336666666667,9.84290930410959,0.592755373972603,0.395995363013699,37.78,-122.03,190013.457939345
Waco,2007,18.6955,3.25152922222222,0.158577391025641,0.222770461538462,31.35,-98.01,207704.80204842
Waco,2008,19.3356666666667,3.05138444101124,0.0467793834269662,0.0921429648876404,31.35,-98.01,202172.348238522
Waco,2009,19.2770833333333,2.08610948103187,0.0484888285280728,0.121384871016692,31.35,-98.01,189498.288118821
Waco,2010,18.8665,2.80292219263456,0.414727708215297,0.149880303116147,31.35,-98.01,195632.057606128
Waco,2011,20.3260833333333,3.75363140449438,0.0600191488764045,0.120988372191011,31.35,-98.01,193891.253360382
Waco,2012,20.3260833333333,3.39217867673716,0.250110262839879,0.115330894259819,31.35,-98.01,190565.325603609
Waco,2013,20.8712222222222,2.51072676595745,0.298527676291793,0.109784638297872,31.35,-98.01,190013.457939345
Washington,2000,12.27775,22.7257173076923,8.13753984203297,1.17569596978022,39.38,-76.99,202954.840625164
Washington,2001,12.9935833333333,24.4743111833811,6.65134869197708,1.07542410888252,39.38,-76.99,202533.047669484
Washington,2002,13.4635833333333,24.4410358027397,6.71270869041096,1.15879478356164,39.38,-76.99,202507.256316711
Washington,2003,12.07275,22.6407543490305,8.32318670360111,0.896369944598338,39.38,-76.99,205392.551367591
Washington,2004,12.7865833333333,20.9564037252747,6.47504452884615,0.61758904532967,39.38,-76.99,207367.67381895
Washington,2005,12.8186666666667,20.836788359116,4.48395299447514,0.848891513812155,39.38,-76.99,207371.776318334
Washington,2006,13.5885833333333,15.966559909589,4.52500288219178,1.11584840821918,39.38,-76.99,206890.551627886
Washington,2007,13.1334166666667,15.3321439555556,5.02101617037037,1.19690473481482,39.38,-76.99,207704.80204842
Washington,2008,12.764,18.0577992361111,5.55644820277778,1.22156233333333,39.38,-76.99,202172.348238522
Washington,2009,12.4376666666667,18.3029540690608,4.52905998756906,0.865724571823204,39.38,-76.99,189498.288118821
Washington,2010,13.2808333333333,17.6439175549451,3.36086526923077,0.883861082417582,39.38,-76.99,195632.057606128
Washington,2011,13.55725,15.9287996643599,3.59968346193772,0.668864043252595,39.38,-76.99,193891.253360382
Washington,2012,13.9965833333333,16.2730872744925,1.68219692056487,0.594510048543689,39.38,-76.99,190565.325603609
Washington,2013,14.1876666666667,11.5003487114504,0.990978005343511,0.340435645801527,39.38,-76.99,190013.457939345
